words,frequency
the,84
and,81
to,63
a,53
is,48
in,45
of,41
I,39
you,37
this,37
for,31
it,25
have,25
with,25
your,23
recipe,19
-,17
that,17
be,16
on,15
out,15
cook,15
just,14
or,13
my,13
can,13
&,12
do,12
i,12
but,12
delicious,11
*,11
love,11
by,11
Link,10
bio,10
donâ€™t,10
chicken,10
are,10
some,10
what,10
all,10
will,10
mutton,10
try,9
an,9
also,9
not,9
more,9
Dhawan,8
from,8
#sanjyotkeer,8
me,8
used,8
#foodstagram,8
dad,8
#foodporn,8
they,8
Mehak,8
he,8
#streetfood,8
one,8
now,8
#foodie,8
#indianfood,7
updatesYouTube,7
so,7
Foodiesince96,7
The,7
at,7
Snapchat,7
@foodiesince96,7
as,7
sheera,7
ğŸ’«ğŸ’«,7
home,6
This,6
1,6
#foodiesince96..Follow,6
chaap,6
always,6
Makhani,6
pineapple,6
has,6
know,6
Chef,6
different,6
#foodphotography,6
over,6
made,6
At,6
lot,6
could,6
coffee,6
You,6
into,5
if,5
#hungry,5
where,5
Sunday,5
which,5
until,5
food,5
garlic,5
masala,5
#indiancuisine,5
#instafood,5
butter,5
we,5
really,5
Do,5
perfect,5
make,5
#foodblogger,5
#nomnom,5
got,5
fresh,5
paneer,5
"it,",5
pakora,4
#mumbaifoodie,4
added,4
been,4
itâ€™s,4
flavor,4
look,4
way,4
family,4
taste,4
top,4
mom,4
when,4
#eeeeeats,4
get,4
Thatâ€™s,4
its,4
Facebook,4
#foodgasm,4
then,4
#feedfeed,4
#delhigram,4
time,4
how,4
own,4
Masala,4
lemon,4
Paneer,4
makes,4
2,4
#foodies,3
does,3
great,3
first,3
#foodiesofinstagram,3
tastes,3
#delhifoodie,3
Your,3
because,3
must,3
#ilovefood,3
pepper,3
#eatingforinsta,3
something,3
soy,3
use,3
3,3
eat,3
#newdelhi,3
breakfast,3
#gurgaon,3
would,3
little,3
#dilsefoodie,3
learn,3
want,3
vegetarian,3
most,3
cooking,3
absolutely,3
#delicious,3
Wala,3
Recipe,3
Best,3
missed,3
#buzzfeast,3
#foodoftheday,3
wonder,3
sauce,3
Itâ€™s,3
#yummy,3
good,3
order,3
#reelkarofeelkaro,3
making,3
mood,3
#delhi_igers,3
Add,3
restaurants,3
#instadaily,3
celebrate,3
â¤ï¸,3
crispy,3
enjoy,3
#like4like,3
our,3
cooked,3
#foodiesince96,3
that.,3
everything,2
ğŸ‘†,2
P.s.,2
naan,2
bought,2
ingredients,2
Mutton,2
fillings,2
#delhi,2
Chaat,2
very,2
YouTube!!!,2
homemade,2
versions,2
compare,2
Corn,2
"delicious,",2
Chaap,2
years,2
Hai,2
who,2
"anything,",2
flavour,2
tablespoons,2
He,2
#f52grams,2
#comfortfood,2
#soyachaap,2
teaspoon,2
#india,2
Chicken,2
Early,2
#homecookedfood,2
acing,2
From,2
Tandoori,2
definitely,2
New,2
#pakora,2
Finally,2
brewed,2
take,2
Taste,2
soon,2
"sheera,",2
Off,2
chocolate,2
subtle,2
adjusting,2
tasted,2
Matunga,2
flavors,2
odd,2
#instafoodie,2
coarsely,2
"topping,",2
having,2
incredible!,2
"heat,",2
YFL!,2
never,2
things,2
tablespoon,2
minutes.,2
lunch-brunch,2
Bubble,2
Mexican,2
she,2
us,2
After,2
olive,2
ensure,2
#chefmode,2
deep,2
#foodgasms,2
#mumbaistreetfood,2
Delhi,2
muffin,2
@sanjyotkeer,2
ti,2
"spices,",2
"Ramashray,",2
timings,2
â¬†ï¸,2
PLEASEğŸ˜‹),2
together.,2
amazing!,2
sugar,2
"chaap,",2
bake,2
kids,2
yours,2
#sheera,2
shared,2
NO,2
traditional,2
ğŸ¤—ğŸ¤—),2
tariwala,2
after,2
give,2
check,2
oil,2
awesome.,2
#feastgram,2
out!,2
specially,2
Punjabi,2
much,2
stir-fry,2
turns,2
Following,2
dedicated,2
comes,2
capable,2
soon!,2
close,2
Coffee,2
felt,2
awesome,2
#lifestyleblogger,2
"before,",2
gravy,2
Thank,2
recipes.,2
syrups,2
pull,2
#eatfamous,2
tandoori,2
sesame,2
favourite,2
#foodbloggers,2
both,2
regular,2
Chole,2
up,2
guns,2
garam,2
only,2
Cheers!,2
idlis,2
lockdown.,2
masaledar,2
like,2
ğŸ˜ğŸ˜ğŸ˜,2
detailed,2
preparation.,2
caramalised,2
dadâ€™s,2
#eatlocal,2
hear,2
style,2
quantity,2
youâ€™re,2
pair,2
various,2
whipped,2
turned,2
else,2
whole,2
finely,2
puts,2
"me,",2
option,2
amazing,2
patience,2
Maa,2
him!,2
podi,2
even,2
emotional,2
recipe!,2
"paste,",2
"YouTube,",2
sliced,2
Italian,2
brand,2
"amazing,",2
delicious.,2
"recipes,",2
Pineapple,2
We,2
guys,2
chutneys,2
6,2
steaming,2
tari,2
him,2
chilli,2
It,2
Spicy,2
often,2
Pasta,2
zest,2
plus,2
day,2
unbeatable.,2
Home,2
weekend!,2
Free,2
ginger,2
back.,2
(Yes,2
heat,2
sister,2
yours!,2
?#dilsefoodie,2
Style,2
Ramashray,2
ever,2
taught,2
sleep!,2
"masala,",2
father,2
aroma,2
CONTROVORSIES,2
him.,2
Colony,2
It's,2
soya,2
his,2
prepares,2
next,2
decided,2
(Please,2
"Tiramisu,",2
need,2
surely,2
#mumbaifood,2
tastier.,2
peeps,2
ground,2
water.,2
personally,2
Day,2
afternoon,2
â€”,2
prepare,2
30,2
YUM,2
Soya,2
am,2
special.,2
waiting,2
Gaffar,2
mind.,2
4,2
cheese,2
soon.Until,2
send,2
try!,2
hot,2
recipes!,2
few,2
place,2
#indianfoodbloggers,2
live,2
footsteps,2
Tea,2
representation,2
recipe.,2
loved,2
#InternationalCoffeeDay,2
#forkyeah,2
most!,2
enjoyed,2
distinct,2
season,2
addition,2
usually,2
#food,2
learned,2
crumble,2
add,2
incredible,2
found,2
Delivery,2
"over,",2
bland,2
cute,2
Pakora,2
Amar,2
#comment4comment,2
last,2
them,2
yes,2
lately,2
inside,2
everybody,2
Dosa,2
dish.,2
DM,2
prepared,2
salt,2
"angry,",2
Momos,1
it's,1
+919888082828,1
noob,1
America,1
match!,1
recipe!....#recipes,1
Whatsapp,1
"onion,",1
#recipeoftheday,1
Video,1
tender.,1
distancing.,1
fusion,1
One,1
choose,1
#vscofood,1
spoon,1
large,1
intelligent,1
long,1
doesnâ€™t,1
fix,1
"struggles,",1
wondered,1
cuppa!Ever,1
#delhifoodbloggers,1
"say,",1
this.#dilsefoodie,1
#pakoras,1
optional.Tip,1
..Rest,1
views,1
Cheers!....#recipeoftheday,1
appetising...ğŸ’¯,1
sum,1
So,1
Cheers!....#recipes,1
Hunger,1
maple,1
Grams,1
#kholapuri,1
hope,1
it!,1
....#recipes,1
minutes,1
#paneer,1
Or,1
Nada,1
curries,1
unique,1
salty,1
bow,1
cheesecakes,1
simple:,1
"marketplace,",1
NCR.,1
"oil,",1
Original,1
MarketKis,1
snacks,1
maintain,1
"positivity,",1
ğŸ’œğŸ’œğŸ’œ,1
compote,1
"skinless,",1
"fingertips,thanks",1
#yum,1
"through,",1
.Step,1
ğŸ˜ğŸ¥–,1
Bhookad,1
#feminism,1
"away,",1
"breakfast,",1
Never,1
course!,1
"thinking,",1
Italy,1
@bain_marie_patisserie,1
dump,1
TOPPINGS,1
M2K,1
thatâ€™ll,1
belgian,1
#ad,1
#recipe,1
#buzzfeedfood,1
PIZZA,1
ğŸ¥³,1
creamâ˜•ï¸ğŸ˜Add,1
Yes,1
Banao.#dilsefoodie,1
"right,",1
#fierce,1
connection,1
ğŸ˜¹ğŸ˜¹ğŸ˜¹.#Foodtalkindia,1
heard,1
Lajpat,1
oil.,1
aromatic,1
#mondayswithmehaku,1
"pancakes,",1
alllll,1
breasts,1
pancake,1
pears,1
know!,1
ğŸ§,1
irony,1
"sauce,",1
#justice,1
fav,1
taken,1
..#maadurga,1
snickerdoodles.,1
diced,1
Nagpur,1
of.,1
Mahesh,1
fruitğŸğŸFor,1
begins,1
spread,1
espresso,1
#Throwback.,1
â¤ï¸#togetherfortomorrow,1
juice,1
brunch,1
Mom,1
parts,1
dinner..Ingredients:.*,1
Due,1
BIO,1
international,1
now:,1
CHA,1
Bacon,1
internet.,1
"blueberries,",1
NagpurTag,1
respected.,1
@bisoubys,1
#thingstodoindelhi,1
ğŸ·,1
"2,",1
ğŸ¤©,1
"sugar,",1
Phase,1
Drinks:INR,1
might,1
story,1
pictures,1
(Both,1
"pastas,",1
#indianfestival,1
book,1
possible,1
#likes,1
reminder,1
2100++Brunch,1
Tiramisu,1
extensive,1
Easy,1
overcome,1
pieces,1
Now,1
#feedyoursoul,1
coffees,1
9910625711,1
Theyâ€™ve,1
too}.,1
pancakes..Picture,1
cut,1
veg,1
#pineapple,1
Burgers,1
cup,1
Craving,1
delish,1
coffee!,1
why,1
Uploaded,1
sautÃ©,1
Market.,1
"apricots,",1
2020,1
ups,1
sweet,1
restart,1
Chawsan,1
But,1
man.ğŸ‘,1
With,1
Bhandar,1
beyond,1
â˜•ï¸Taking,1
#karma,1
apple,1
heaven!,1
down,1
Hope,1
Peeps!,1
"pie,",1
@whiteonricecouple,1
Season,1
Aane,1
#huffposttaste,1
ğŸ§ ,1
sourdough,1
forget,1
Burgs,1
#durga,1
in.,1
unveiled,1
longer.,1
well,1
utmost,1
quiz,1
changed,1
#mondaymotivation,1
Insta,1
"more,",1
each,1
Happy,1
Anyone,1
@princechaatbhandar#dilsefoodie,1
To,1
Janak,1
cream.,1
dine,1
#Pujo,1
#powerful,1
anything,1
!!,1
apart,1
blessing,1
(,1
lotus,1
able,1
loads,1
Di,1
ğŸ˜‰.Call,1
evening,1
Favourite,1
peasy,1
#picoftheday,1
see,1
â¤ï¸â¤ï¸,1
chopped,1
trimmed,1
canâ€™t,1
specialty,1
"expert,",1
world.,1
rice.Recipe,1
Unlimited,1
#goodday,1
tell,1
flavours,1
.What,1
mankind,1
bars,1
..Push,1
Directions:.In,1
publicists',1
Rani,1
...#recipe,1
ordering,1
HERE,1
ON,1
minute.,1
"cloves,",1
Nagar,1
October,1
1/2,1
moderate,1
freshly,1
Aloo,1
"softened,",1
stock,1
à¤¸à¥à¤¤à¥à¤°à¥€,1
#yummyfood,1
alcoholğŸ·,1
â˜•ï¸,1
Janakpuri,1
cranberries,1
Credits:,1
situations,1
Taiwanese,1
scallion,1
"skillet,",1
..Ps.,1
7303811277Day:,1
job,1
{burger},1
â€˜brew-tifullyâ€™,1
clever,1
If,1
Greatest,1
Milk,1
Bars,1
Here,1
shiny,1
Salt,1
enjoy!!.,1
#chowmein,1
Pasand,1
link,1
berry,1
healthier,1
Hatti,1
Search,1
social,1
Ko,1
percent,1
browned,1
Sushi,1
tomorrow.,1
Orange,1
stir,1
placed,1
Qds,1
@sanjyotkeer....Paneer,1
bowl),1
cuisines,1
#blessing,1
Muffin,1
....#recipe,1
Life,1
ğŸ™ŠğŸ™ŠğŸ™Š,1
Bhai,1
"Asian,",1
thinly,1
pandemic,1
"Fierce,",1
ğŸ‘€,1
{vegan,1
"Or,",1
ğŸ¥Ÿ,1
Pick,1
"people,",1
peaches,1
menu,1
.Bright,1
Gate,1
better,1
#tagsforlikes,1
ğŸ˜‹,1
tacos.,1
anyone,1
their,1
Have,1
(slightly),1
BhatureJao,1
film,1
doing,1
new,1
local,1
ton,1
#reel,1
@anna_wierzbinska,1
#foodpornshare,1
"Durga,",1
quality,1
"thighs,",1
extract,1
#mutton,1
market.,1
tooth.,1
yum,1
delivery,1
Dost#dilsefoodie,1
#breakfastideas,1
GK,1
seasoning,1
Jari,1
"Seeing,",1
preferences,1
ğŸ¥ğŸ˜Š.Weâ€™ve,1
Prince,1
dessert,1
weeknight,1
homes.,1
Kolhapuri,1
"months,",1
Great,1
ambiance,1
YOUTUBE.,1
head,1
Per,1
high,1
.So,1
bundts,1
"lemony,",1
oranges..3.,1
goes,1
"Chinese,",1
Gurugram,1
finally,1
ğŸ¥°,1
recipe!....#recipe,1
destination,1
Lover,1
excellent,1
#2020,1
vanilla,1
Brunch,1
world,1
#sweetdish,1
eat!,1
feel,1
.A,1
cauliflower,1
@viofficialfanworld,1
"salt,",1
away.,1
please,1
World,1
"Food,",1
brown.,1
Desi,1
now!!,1
reveals,1
ğŸ«,1
serving,1
everyoneâ€™s,1
keep,1
treats,1
".However,",1
9999931349,1
need!,1
4You,1
candyğŸ¥“For,1
Aao,1
Fast,1
tricks,1
@surabobyradhika,1
#yummyğŸ˜‹ğŸ˜‹,1
succeed.,1
#likesforlikes,1
â™¥ï¸ğŸ’œ.#Foodtalkindia,1
pizzaâ€™s,1
biscoff,1
China,1
South,1
"virus,",1
#love,1
toasted,1
50,1
"Indian,",1
mission,1
cheers!....#recipe,1
Flavored,1
pinch,1
"Patka,",1
And,1
ğŸŒ±ğŸ˜»ğŸ˜»..What,1
@togetherat12th,1
options,1
3/4-inch,1
global,1
than,1
s'mores,1
"Burgs,",1
full,1
cheers!...#recipe,1
Come,1
Market,1
bless,1
Shawarma4.,1
Libya.,1
measures,1
ğŸ˜,1
capacity,1
Inspired,1
"yourself,",1
pounds,1
#followforfollow,1
Contact,1
incorporating,1
Sixteen,1
Chowmein,1
Fruit),1
Brawan,1
unlimited,1
bunless-burgs!,1
across,1
Durga,1
Rs.,1
other,1
months,1
Buzz,1
#october,1
Bagh#dilsefoodie,1
DLF,1
"rice,",1
requested,1
burgers!?,1
why.,1
#vodafone,1
knowing,1
ka,1
Try,1
Maharashtra!,1
#luxury,1
ğŸ˜¹ğŸ˜¹..#thingstodoindelhi,1
.Delivering,1
right?,1
Plan,1
Oil,1
they're,1
#sweetlover,1
establishments,1
community,1
tray,1
stirring,1
Matching,1
bread,1
â¤ï¸â¤ï¸....#recipes,1
.I,1
Ramen,1
"October,",1
khanna,1
liquid,1
Ghar,1
"game,",1
countryâ€™s,1
answerâ€™s,1
"scallion,",1
Jo,1
fake,1
"antioxidants,",1
match,1
we've,1
?Which,1
?,1
India's,1
LEAVE,1
undistinguished,1
agreed,1
#delhifoodblogger,1
quick,1
lead,1
.Address:,1
Remove,1
service,1
go,1
popular,1
tough,1
Pull,1
like?,1
#NewInTown,1
MY,1
pumpkin,1
#TalkRecipeLemony,1
â¤ï¸..#eeeeeats,1
.PS.,1
details:,1
Cooked,1
'Tis,1
"goals,",1
aside,1
@sixteengramscoffee,1
Call,1
such,1
PubG,1
"order,",1
#divine,1
reopen,1
nor,1
nowhere,1
while,1
compotesğŸŠğŸ‘If,1
oven,1
answers,1
#festivity,1
#instagood,1
being,1
ğŸ•ğŸ˜±ğŸ˜±ğŸ˜±ğŸ˜±ğŸ˜±ğŸ˜±ğŸ˜±..Follow,1
.2.,1
Instead,1
nobody,1
video,1
this.,1
Order,1
#girl,1
tag,1
steps,1
Sheera,1
further,1
#princechaatbhandaar,1
her,1
When,1
@sanjyotkeer....I,1
grated,1
9,1
Menu,1
thatâ€™s,1
..#foodiesince96,1
Itâ€™ll,1
masks!,1
ğŸ˜ğŸ˜­,1
syrup:.1.,1
Along,1
#indian,1
Kis,1
platter,1
roasters,1
In,1
HeadAt,1
slot,1
ğŸ™‰ğŸ™‰ğŸ˜»ğŸ˜»ğŸ™ŠğŸ™Š..#buzzfeedfood,1
Ke,1
I'm,1
"perfect,",1
#foodbeast,1
via,1
"stirring,",1
"libations,",1
Kadhai,1
#freakshake,1
Stir,1
Cocktails:INR,1
something...Yes,1
#pictureoftheday,1
gnocchi?,1
#frenchfood,1
12:30PM-4:00PM.Brunch,1
Head,1
"home,",1
wait,1
classic,1
#all_shots,1
available,1
nation,1
Shifted,1
#delhistreets,1
Chinese,1
wine.,1
ğŸ¥º,1
ğŸ§¡,1
support,1
Stir-Fry,1
basically,1
Pancake,1
"coffeeâ˜•ï¸,",1
cocktails,1
nice,1
They,1
Chestnut,1
ğŸ‘€Many,1
bacon,1
eggs,1
going,1
"symmetrical,",1
bringing,1
#happydays,1
1/4,1
#india_ig,1
1650++,1
399,1
#feelitreelit,1
bar/eatry,1
serve,1
Coffee!,1
glorious,1
#travelgram,1
juice.,1
moderately,1
100%,1
1st,1
#likesforfollow,1
Veg,1
#homemade,1
#girlpowder,1
â™¥ï¸ğŸ§¡â¤ï¸,1
believing!,1
cinnamon,1
boneless,1
say,1
best,1
Someone,1
#yourfoodlab,1
Fiji,1
Japanese,1
#muttonrecipes,1
Steamed,1
#followme,1
#globalpandemic,1
expectation!.,1
onion,1
beat,1
..Today,1
.,1
Fruit,1
Strike2.,1
Who,1
"Budz,",1
fix!,1
#feelkaroreelkaro,1
"apples,",1
invisible,1
Suraj,1
dose,1
bourbon..4.,1
"week,",1
Concept,1
era,1
Karke,1
ways,1
#idea,1
Tag,1
credits:,1
#lord,1
Bread,1
SundaysTime:,1
says,1
#Foodtalkindia,1
super-fast,1
sauce.,1
â€˜s,1
ordinary,1
"occasionally,",1
katori,1
adverts.,1
Transfer,1
â€™THEâ€™,1
#cheese,1
shall,1
Full,1
"now,",1
everyone.,1
ğŸ˜ğŸ˜ğŸ˜â¤ï¸â¤ï¸â¤ï¸â¤ï¸..Tip,1
"cools,",1
streets,1
earth,1
about,1
house,1
#paneerrecipes,1
month,1
Ground,1
#masala,1
craving,1
right,1
Delhi/NCR.,1
minced,1
upto,1
seen,1
Its,1
cultures,1
shape.,1
these,1
year,1
total,1
transport,1
Pizza,1
greatness,1
taking,1
"Wala,",1
"platter,",1
#cooking,1
@sanjyotkeer...Tandoori,1
@sanjyotkeer...I,1
pride,1
DM/,1
Chef3.,1
#network,1
"sweet,",1
Quick:,1
IT,1
today.,1
fall.,1
#deliciousfood,1
.Orders,1
Dim,1
concept,1
pancakes.,1
yourself,1
ğŸ™ğŸ¼â€â™€ï¸,1
Bhaiya,1
may,1
follow,1
âœŠğŸ¼,1
safety.,1
?1.,1
instead,1
#feelkarotoreelkaro,1
"cookies,",1
